{
  "uas":91.7237657538,
  "las":89.800872413,
  "ents_p":84.9664503965,
  "ents_r":85.6312524451,
  "ents_f":85.2975560875,
  "tags_acc":97.0403350292,
  "token_acc":99.8698372794
}